{
  "model_type": "fft_decision_tree",
  "window": 20,
  "feature_order": [
    "mean",
    "std",
    "skew",
    "kurt"
  ],
  "ordered_states": [
    "NO_CACHE",
    "LOW",
    "MED",
    "XXHIGH"
  ],
  "n_nodes": 31,
  "children_left": [
    1,
    2,
    3,
    4,
    -1,
    -1,
    7,
    -1,
    -1,
    10,
    11,
    -1,
    -1,
    14,
    -1,
    -1,
    17,
    18,
    19,
    -1,
    -1,
    22,
    -1,
    -1,
    25,
    26,
    -1,
    -1,
    29,
    -1,
    -1
  ],
  "children_right": [
    16,
    9,
    6,
    5,
    -1,
    -1,
    8,
    -1,
    -1,
    13,
    12,
    -1,
    -1,
    15,
    -1,
    -1,
    24,
    21,
    20,
    -1,
    -1,
    23,
    -1,
    -1,
    28,
    27,
    -1,
    -1,
    30,
    -1,
    -1
  ],
  "feature": [
    0,
    1,
    1,
    2,
    -2,
    -2,
    2,
    -2,
    -2,
    3,
    1,
    -2,
    -2,
    3,
    -2,
    -2,
    0,
    1,
    1,
    -2,
    -2,
    3,
    -2,
    -2,
    1,
    0,
    -2,
    -2,
    2,
    -2,
    -2
  ],
  "threshold": [
    42.763750076293945,
    1.005675494670868,
    0.8844245970249176,
    3.197425365447998,
    -2.0,
    -2.0,
    1.218698799610138,
    -2.0,
    -2.0,
    7.56777024269104,
    1.3748216032981873,
    -2.0,
    -2.0,
    9.991340160369873,
    -2.0,
    -2.0,
    47.53325080871582,
    3.7776108980178833,
    1.9929081797599792,
    -2.0,
    -2.0,
    5.371673583984375,
    -2.0,
    -2.0,
    4.355427503585815,
    48.79750061035156,
    -2.0,
    -2.0,
    0.7693116664886475,
    -2.0,
    -2.0
  ],
  "leaf_class": [
    0,
    0,
    0,
    0,
    0,
    0,
    0,
    0,
    0,
    0,
    1,
    0,
    1,
    0,
    0,
    0,
    1,
    1,
    1,
    1,
    1,
    1,
    0,
    1,
    3,
    3,
    3,
    3,
    3,
    3,
    3
  ],
  "test_metrics": {
    "accuracy": 0.9461272912918753,
    "macro_f1": 0.7087702023208753,
    "sklearn_accuracy": 0.9461272912918753,
    "float32_64_boundary_disagree": 0,
    "n_test": 41134
  }
}