{
  "baseline": {
    "count": 48584,
    "mad": 0.3400000000000034,
    "max": 89.24,
    "mean": 41.4995525275811,
    "median": 41.32,
    "min": 39.33,
    "p90": 42.32,
    "p95": 42.76,
    "p99": 44.47,
    "robust_sigma": 0.5040840000000051,
    "std": 1.0092883952034593
  },
  "baseline_inputs": [
    "python_scripts/toy_experiment/p93.csv",
    "python_scripts/toy_experiment/p123.csv",
    "python_scripts/toy_experiment/p153.csv",
    "python_scripts/toy_experiment/p183.csv",
    "python_scripts/toy_experiment/p213.csv",
    "python_scripts/toy_experiment/p243.csv",
    "python_scripts/toy_experiment/p273.csv"
  ],
  "baseline_label_col": "stress_level",
  "baseline_label_values": [
    "NO_CACHE"
  ],
  "bias": [
    1.0199907862306596,
    1.486017354447396,
    -2.450906603802785,
    -0.055101536875253966
  ],
  "feature_cols": [
    "fft_mean_w20",
    "fft_median_w20",
    "fft_p90_w20",
    "fft_max_w20",
    "fft_delta_median_w20",
    "fft_abnormal_ratio_w20"
  ],
  "feature_window": 20,
  "fft_col": "pusch_rx_fft_task_work_sum_cost",
  "label_col": "stress_level",
  "model_type": "logistic_regression",
  "ordered_states": [
    "NO_CACHE",
    "LOW",
    "MED",
    "XXHIGH"
  ],
  "standardization_mean": [
    46.53318030031491,
    46.14500130244965,
    49.30906460150251,
    51.4093999353985,
    4.825001302449647,
    0.4628738399023843
  ],
  "standardization_std": [
    5.496835000962695,
    5.561430878002651,
    6.6098343089202745,
    8.294953554102454,
    5.561430878002652,
    0.4011166244174312
  ],
  "test_metrics": {
    "accuracy": 0.9347012204016142,
    "correct": 38448,
    "macro_f1": 0.7008048934062205,
    "total": 41134
  },
  "train_inputs": [
    "python_scripts/toy_experiment/p93.csv",
    "python_scripts/toy_experiment/p123.csv",
    "python_scripts/toy_experiment/p153.csv",
    "python_scripts/toy_experiment/p183.csv",
    "python_scripts/toy_experiment/p213.csv",
    "python_scripts/toy_experiment/p243.csv",
    "python_scripts/toy_experiment/p273.csv"
  ],
  "weights": [
    [
      0.191714035303621,
      -1.3217532754324424,
      0.1982264079755004,
      0.931812832153317
    ],
    [
      1.0627369538567415,
      -1.2729923730548989,
      0.24278332103344985,
      -0.03252790183529396
    ],
    [
      -0.9211891611600095,
      0.8699735156604989,
      -0.0912398372319364,
      0.14245548273145328
    ],
    [
      -0.054536420256416855,
      0.025287097850959225,
      -0.08489826514927296,
      0.11414758755472997
    ],
    [
      1.062736953856742,
      -1.2729923730548984,
      0.2427833210334488,
      -0.032527901835294304
    ],
    [
      -3.616946854667919,
      1.7959772661014715,
      -0.2502187136657139,
      2.0711883022321635
    ]
  ],
  "windows": [
    1,
    20,
    50
  ]
}